Date,High,Low,Open,Close,Volume,Adj Close,Predictions
2019-06-28,134.60000610351562,133.16000366210938,134.57000732421875,133.9600067138672,30043000.0,131.365234375,136.71542
2019-07-01,136.6999969482422,134.97000122070312,136.6300048828125,135.67999267578125,22613500.0,133.05191040039062,136.98134
2019-07-02,136.58999633789062,135.33999633789062,136.1199951171875,136.5800018310547,15237800.0,133.93447875976562,137.22911
2019-07-03,137.74000549316406,136.2899932861328,136.8000030517578,137.4600067138672,13629300.0,134.7974395751953,137.48512
2019-07-05,137.3300018310547,135.72000122070312,135.94000244140625,137.05999755859375,18141100.0,134.40518188476562,137.77037
2019-07-08,137.10000610351562,135.3699951171875,136.39999389648438,136.9600067138672,16779700.0,134.30712890625,138.05243
2019-07-09,136.97000122070312,135.8000030517578,136.0,136.4600067138672,19953100.0,133.81680297851562,138.3208
2019-07-10,138.5800018310547,137.02000427246094,137.1300048828125,137.85000610351562,24204400.0,135.17991638183594,138.55212
2019-07-11,139.22000122070312,137.8699951171875,138.1999969482422,138.39999389648438,22327900.0,135.71922302246094,138.80002
2019-07-12,139.1300048828125,138.00999450683594,138.85000610351562,138.89999389648438,18936800.0,136.2095489501953,139.0686
2019-07-15,139.5399932861328,138.4600067138672,139.44000244140625,138.89999389648438,16651500.0,136.2095489501953,139.36087
2019-07-16,139.0500030517578,136.52000427246094,138.9600067138672,137.0800018310547,22726100.0,134.42477416992188,139.65982
2019-07-17,137.92999267578125,136.22000122070312,137.6999969482422,136.27000427246094,20211000.0,133.6304931640625,139.88728
2019-07-18,136.6199951171875,134.6699981689453,135.5500030517578,136.4199981689453,30381800.0,133.777587890625,140.02847
2019-07-19,140.6699981689453,136.4499969482422,140.22000122070312,136.6199951171875,48992400.0,133.9737091064453,140.10751
2019-07-22,139.19000244140625,137.3300018310547,137.41000366210938,138.42999267578125,25074900.0,135.74862670898438,140.14453
2019-07-23,139.99000549316406,138.02999877929688,139.75999450683594,139.2899932861328,18034600.0,136.5919952392578,140.21504
2019-07-24,140.74000549316406,138.85000610351562,138.89999389648438,140.72000122070312,20738300.0,137.99429321289062,140.33589
2019-07-25,140.61000061035156,139.32000732421875,140.42999267578125,140.19000244140625,18356900.0,137.47454833984375,140.54124
2019-07-26,141.67999267578125,140.3000030517578,140.3699951171875,141.33999633789062,19037600.0,138.60226440429688,140.78036
2019-07-29,141.50999450683594,139.3699951171875,141.5,141.02999877929688,16605900.0,138.29827880859375,141.07993
2019-07-30,141.22000122070312,139.8000030517578,140.13999938964844,140.35000610351562,16846500.0,137.63145446777344,141.39964
2019-07-31,140.49000549316406,135.0800018310547,140.3300018310547,136.27000427246094,38598800.0,133.6304931640625,141.69899
2019-08-01,140.94000244140625,136.92999267578125,137.0,138.05999755859375,40557500.0,135.3857879638672,141.8252
2019-08-02,138.32000732421875,135.25999450683594,138.08999633789062,136.89999389648438,30791600.0,134.24826049804688,141.89264
2019-08-05,133.92999267578125,130.77999877929688,133.3000030517578,132.2100067138672,42749600.0,129.64913940429688,141.86629
2019-08-06,135.67999267578125,133.2100067138672,133.8000030517578,134.69000244140625,32696700.0,132.0811004638672,141.60365
2019-08-07,135.64999389648438,131.8300018310547,133.7899932861328,135.27999877929688,33414500.0,132.65963745117188,141.27661
2019-08-08,138.99000549316406,135.92999267578125,136.60000610351562,138.88999938964844,27496500.0,136.19972229003906,140.9284
2019-08-09,139.3800048828125,136.4600067138672,138.61000061035156,137.7100067138672,23466700.0,135.04258728027344,140.70868
2019-08-12,137.86000061035156,135.24000549316406,137.07000732421875,135.7899932861328,20484300.0,133.15977478027344,140.5423
2019-08-13,138.8000030517578,135.0,136.0500030517578,138.60000610351562,25154600.0,135.9153594970703,140.35634
2019-08-14,136.9199981689453,133.6699981689453,136.36000061035156,133.97999572753906,32527300.0,131.8223419189453,140.26955
2019-08-15,134.5800018310547,132.25,134.38999938964844,133.67999267578125,28074400.0,131.52716064453125,140.08395
2019-08-16,136.4600067138672,134.72000122070312,134.8800048828125,136.1300048828125,24449100.0,133.93771362304688,139.83168
2019-08-19,138.5500030517578,136.88999938964844,137.85000610351562,138.41000366210938,24355700.0,136.1810302734375,139.62701
2019-08-20,138.7100067138672,137.24000549316406,138.2100067138672,137.25999450683594,21170800.0,135.0495147705078,139.54189
2019-08-21,139.49000549316406,138.0,138.5500030517578,138.7899932861328,14970300.0,136.55487060546875,139.50204
2019-08-22,139.1999969482422,136.2899932861328,138.66000366210938,137.77999877929688,18697000.0,135.56114196777344,139.55637
2019-08-23,138.35000610351562,132.8000030517578,137.19000244140625,133.38999938964844,38508600.0,131.24183654785156,139.63794
2019-08-26,135.55999755859375,133.89999389648438,134.99000549316406,135.4499969482422,20312600.0,133.2686767578125,139.579
2019-08-27,136.72000122070312,134.66000366210938,136.38999938964844,135.74000549316406,23102100.0,133.55398559570312,139.50194
2019-08-28,135.75999450683594,133.5500030517578,134.8800048828125,135.55999755859375,17393300.0,133.3768768310547,139.41801
2019-08-29,138.44000244140625,136.91000366210938,137.25,138.1199951171875,20168700.0,135.89566040039062,139.32477
2019-08-30,139.17999267578125,136.27000427246094,139.14999389648438,137.86000061035156,23940100.0,135.63987731933594,139.32182
2019-09-03,137.1999969482422,135.6999969482422,136.61000061035156,136.0399932861328,18869300.0,133.84915161132812,139.3709
2019-09-04,137.69000244140625,136.47999572753906,137.3000030517578,137.6300048828125,17995900.0,135.41357421875,139.39195
2019-09-05,140.3800048828125,138.75999450683594,139.11000061035156,140.0500030517578,26101800.0,137.7946014404297,139.45355
2019-09-06,140.17999267578125,138.1999969482422,140.02999877929688,139.10000610351562,20824500.0,136.8599090576172,139.62682
2019-09-09,139.75,136.4600067138672,139.58999633789062,137.52000427246094,25773900.0,135.30535888671875,139.83682
2019-09-10,136.88999938964844,134.50999450683594,136.8000030517578,136.0800018310547,28903400.0,133.88853454589844,140.01187
2019-09-11,136.27000427246094,135.08999633789062,135.91000366210938,136.1199951171875,24726100.0,133.92787170410156,140.10524
2019-09-12,138.4199981689453,136.8699951171875,137.85000610351562,137.52000427246094,27010000.0,135.30535888671875,140.13852
2019-09-13,138.05999755859375,136.57000732421875,137.77999877929688,137.32000732421875,23363100.0,135.10855102539062,140.17604
2019-09-16,136.6999969482422,135.66000366210938,135.8300018310547,136.3300018310547,16731400.0,134.13449096679688,140.20486
2019-09-17,137.52000427246094,136.42999267578125,136.9600067138672,137.38999938964844,17814200.0,135.17742919921875,140.19131
2019-09-18,138.6699981689453,136.52999877929688,137.36000061035156,138.52000427246094,23982100.0,136.2892303466797,140.1881
2019-09-19,142.3699951171875,140.07000732421875,140.3000030517578,141.07000732421875,35772100.0,138.7981719970703,140.2314
2019-09-20,141.64999389648438,138.25,141.00999450683594,139.44000244140625,39167300.0,137.1944122314453,140.39867
2019-09-23,139.6300048828125,138.44000244140625,139.22999572753906,139.13999938964844,17139300.0,136.8992462158203,140.58742
2019-09-24,140.69000244140625,136.8800048828125,140.36000061035156,137.3800048828125,29773200.0,135.1676025390625,140.77914
2019-09-25,139.9600067138672,136.02999877929688,137.5,139.36000061035156,21382000.0,137.11570739746094,140.90227
2019-09-26,140.17999267578125,138.44000244140625,139.44000244140625,139.5399932861328,17456600.0,137.29278564453125,141.04576
2019-09-27,140.36000061035156,136.64999389648438,140.14999389648438,137.72999572753906,22477700.0,135.51193237304688,141.20042
2019-09-30,139.22000122070312,137.77999877929688,138.0500030517578,139.02999877929688,17280900.0,136.79100036621094,141.29193
2019-10-01,140.25,137.0,139.66000366210938,137.07000732421875,21466600.0,134.86260986328125,141.38516
2019-10-02,136.3699951171875,133.5800018310547,136.25,134.64999389648438,30521700.0,132.48155212402344,141.40146
2019-10-03,136.75,133.22000122070312,134.9499969482422,136.27999877929688,24132900.0,134.08531188964844,141.27692
2019-10-04,138.25,136.4199981689453,136.75,138.1199951171875,22897700.0,135.89566040039062,141.11696
2019-10-07,138.17999267578125,137.02000427246094,137.13999938964844,137.1199951171875,15303700.0,134.91177368164062,140.99924
2019-10-08,137.75999450683594,135.6199951171875,137.0800018310547,135.6699981689453,25550500.0,133.48513793945312,140.87726
2019-10-09,138.6999969482422,136.97000122070312,137.4600067138672,138.24000549316406,19749900.0,136.0137481689453,140.70729
2019-10-10,139.6699981689453,138.25,138.49000549316406,139.10000610351562,17654600.0,136.8599090576172,140.60506
2019-10-11,141.02999877929688,139.5,140.1199951171875,139.67999267578125,25446000.0,137.4305419921875,140.58188
2019-10-14,140.2899932861328,139.52000427246094,139.69000244140625,139.5500030517578,13304300.0,137.30264282226562,140.63834
2019-10-15,141.7899932861328,139.80999755859375,140.05999755859375,141.57000732421875,19695700.0,139.29013061523438,140.74619
2019-10-16,140.99000549316406,139.52999877929688,140.7899932861328,140.41000366210938,20751600.0,138.1488037109375,140.96225
2019-10-17,141.4199981689453,139.02000427246094,140.9499969482422,139.69000244140625,21460600.0,137.44039916992188,141.20361
2019-10-18,140.0,136.55999755859375,139.75999450683594,137.41000366210938,32273500.0,135.19711303710938,141.4316
2019-10-21,138.5,137.00999450683594,138.4499969482422,138.42999267578125,20078200.0,136.20066833496094,141.55919
2019-10-22,140.00999450683594,136.25999450683594,138.97000122070312,136.3699951171875,27431000.0,134.17385864257812,141.64932
2019-10-23,137.4499969482422,135.61000061035156,136.8800048828125,137.24000549316406,29844600.0,135.02984619140625,141.6298
2019-10-24,140.4199981689453,138.6699981689453,139.38999938964844,139.94000244140625,37029300.0,137.68637084960938,141.56627
2019-10-25,141.13999938964844,139.1999969482422,139.33999633789062,140.72999572753906,25959700.0,138.463623046875,141.5684
2019-10-28,145.6699981689453,143.50999450683594,144.39999389648438,144.19000244140625,35280100.0,141.86793518066406,141.64236
2019-10-29,144.5,142.64999389648438,144.0800018310547,142.8300018310547,20589500.0,140.5298309326172,141.89279
2019-10-30,145.0,142.7899932861328,143.52000427246094,144.61000061035156,18496600.0,142.2811737060547,142.20853
2019-10-31,144.92999267578125,142.99000549316406,144.89999389648438,143.3699951171875,24605100.0,141.0611114501953,142.6307
2019-11-01,144.4199981689453,142.97000122070312,144.25999450683594,143.72000122070312,33128400.0,141.40550231933594,143.06686
2019-11-04,145.0,144.16000366210938,144.8300018310547,144.5500030517578,16912000.0,142.22213745117188,143.51337
2019-11-05,145.02000427246094,143.91000366210938,144.97000122070312,144.4600067138672,18250200.0,142.13360595703125,143.98006
2019-11-06,144.52000427246094,143.1999969482422,144.3699951171875,144.05999755859375,16575800.0,141.74000549316406,144.43932
2019-11-07,144.8800048828125,143.77000427246094,143.83999633789062,144.25999450683594,17786700.0,141.93678283691406,144.8622
2019-11-08,145.99000549316406,143.75999450683594,143.97999572753906,145.9600067138672,16732700.0,143.60943603515625,145.25124
2019-11-11,146.4199981689453,144.72999572753906,145.33999633789062,146.11000061035156,14362600.0,143.7570037841797,145.66267
2019-11-12,147.57000732421875,146.05999755859375,146.27999877929688,147.07000732421875,18641600.0,144.70155334472656,146.07768
2019-11-13,147.4600067138672,146.27999877929688,146.74000549316406,147.30999755859375,16919200.0,144.93768310546875,146.51614
2019-11-14,148.41000366210938,147.0,147.02000427246094,148.05999755859375,19729800.0,145.67559814453125,146.96338
2019-11-15,149.99000549316406,148.27000427246094,148.92999267578125,149.97000122070312,23485700.0,147.55484008789062,147.42862
2019-11-18,150.5500030517578,148.97999572753906,150.07000732421875,150.33999633789062,21534000.0,147.9188995361328,147.95888
2019-11-19,151.3300018310547,150.1999969482422,150.8800048828125,150.38999938964844,23935700.0,147.9680633544922,148.52773
2019-11-20,150.83999633789062,148.4600067138672,150.30999755859375,149.6199951171875,25696800.0,147.71136474609375,149.10666
2019-11-21,149.8000030517578,148.5,149.39999389648438,149.47999572753906,18576100.0,147.57315063476562,149.64455
2019-11-22,150.3000030517578,148.82000732421875,150.07000732421875,149.58999633789062,15901800.0,147.68179321289062,150.1299
2019-11-25,151.35000610351562,149.9199981689453,150.0,151.22999572753906,22420900.0,149.3008575439453,150.5632
2019-11-26,152.4199981689453,151.32000732421875,151.36000061035156,152.02999877929688,24620100.0,150.09063720703125,151.00218
2019-11-27,152.5,151.52000427246094,152.3300018310547,152.32000732421875,15184400.0,150.376953125,151.45523
2019-11-29,152.3000030517578,151.27999877929688,152.10000610351562,151.3800048828125,11977300.0,149.44894409179688,151.91219
2019-12-02,151.8300018310547,148.32000732421875,151.80999755859375,149.5500030517578,27418400.0,147.6422882080078,152.3218
2019-12-03,149.42999267578125,146.64999389648438,147.49000549316406,149.30999755859375,24066000.0,147.4053497314453,152.61823
2019-12-04,150.17999267578125,149.1999969482422,150.13999938964844,149.85000610351562,17574700.0,147.93846130371094,152.81651
2019-12-05,150.32000732421875,149.47999572753906,150.0500030517578,149.92999267578125,17869100.0,148.01744079589844,152.95534
2019-12-06,151.8699951171875,150.27000427246094,150.99000549316406,151.75,16403500.0,149.814208984375,153.04718
2019-12-09,152.2100067138672,150.91000366210938,151.07000732421875,151.36000061035156,16687400.0,149.42919921875,153.16821
2019-12-10,151.88999938964844,150.75999450683594,151.2899932861328,151.1300048828125,16476100.0,149.20213317871094,153.28862
2019-12-11,151.8699951171875,150.3300018310547,151.5399932861328,151.6999969482422,18856600.0,149.7648468017578,153.3985
2019-12-12,153.44000244140625,151.02000427246094,151.64999389648438,153.24000549316406,24612100.0,151.28521728515625,153.51874
2019-12-13,154.88999938964844,152.8300018310547,153.0,154.52999877929688,23845400.0,152.55874633789062,153.69736
2019-12-16,155.89999389648438,154.82000732421875,155.11000061035156,155.52999877929688,24144200.0,153.54600524902344,153.9563
2019-12-17,155.7100067138672,154.4499969482422,155.4499969482422,154.69000244140625,25425600.0,152.71670532226562,154.29927
2019-12-18,155.47999572753906,154.17999267578125,154.3000030517578,154.3699951171875,24129200.0,152.4008026123047,154.65953
2019-12-19,155.77000427246094,153.75,154.0,155.7100067138672,24958900.0,153.7237091064453,155.01053
2019-12-20,158.49000549316406,156.2899932861328,157.35000610351562,157.41000366210938,53477500.0,155.4020233154297,155.39127
2019-12-23,158.1199951171875,157.27000427246094,158.1199951171875,157.41000366210938,17718200.0,155.4020233154297,155.8382
2019-12-24,157.7100067138672,157.1199951171875,157.47999572753906,157.3800048828125,8989200.0,155.37240600585938,156.31378
2019-12-26,158.72999572753906,157.39999389648438,157.55999755859375,158.6699981689453,14520600.0,156.6459503173828,156.79294
2019-12-27,159.5500030517578,158.22000122070312,159.4499969482422,158.9600067138672,18412800.0,156.9322509765625,157.30469
2019-12-30,159.02000427246094,156.72999572753906,158.99000549316406,157.58999633789062,16348400.0,155.57972717285156,157.82913
2019-12-31,157.77000427246094,156.4499969482422,156.77000427246094,157.6999969482422,18369400.0,155.68832397460938,158.29395
2020-01-02,160.72999572753906,158.3300018310547,158.77999877929688,160.6199951171875,22622100.0,158.57107543945312,158.70596
2020-01-03,159.9499969482422,158.05999755859375,158.32000732421875,158.6199951171875,21116200.0,156.59658813476562,159.16992
2020-01-06,159.10000610351562,156.50999450683594,157.0800018310547,159.02999877929688,20813700.0,157.00137329101562,159.575
2020-01-07,159.6699981689453,157.32000732421875,159.32000732421875,157.5800018310547,21634100.0,155.56985473632812,159.94397
2020-01-08,160.8000030517578,157.9499969482422,158.92999267578125,160.08999633789062,27746500.0,158.04783630371094,160.21916
2020-01-09,162.22000122070312,161.02999877929688,161.83999633789062,162.08999633789062,21385000.0,160.02230834960938,160.51117
2020-01-10,163.22000122070312,161.17999267578125,162.82000732421875,161.33999633789062,20725900.0,159.28187561035156,160.87097
2020-01-13,163.30999755859375,161.25999450683594,161.75999450683594,163.27999877929688,21626500.0,161.1971435546875,161.23653
2020-01-14,163.60000610351562,161.72000122070312,163.38999938964844,162.1300048828125,23477400.0,160.06179809570312,161.66748
2020-01-15,163.94000244140625,162.57000732421875,162.6199951171875,163.17999267578125,21417900.0,161.09841918945312,162.0843
2020-01-16,166.24000549316406,164.02999877929688,164.35000610351562,166.1699981689453,23865400.0,164.05027770996094,162.51814
2020-01-17,167.47000122070312,165.42999267578125,167.4199981689453,167.10000610351562,34371700.0,164.9684295654297,163.05447
2020-01-21,168.19000244140625,166.42999267578125,166.67999267578125,166.5,29517200.0,164.37606811523438,163.6729
2020-01-22,167.49000549316406,165.67999267578125,167.39999389648438,165.6999969482422,24138800.0,163.58627319335938,164.30629
2020-01-23,166.8000030517578,165.27000427246094,166.19000244140625,166.72000122070312,19680800.0,164.59326171875,164.90115
2020-01-24,167.52999877929688,164.4499969482422,167.50999450683594,165.0399932861328,24918100.0,162.9346923828125,165.48526
2020-01-27,163.3800048828125,160.1999969482422,161.14999389648438,162.27999877929688,32078100.0,160.2098846435547,165.97601
2020-01-28,165.75999450683594,163.07000732421875,163.77999877929688,165.4600067138672,24899900.0,163.34934997558594,166.28519
2020-01-29,168.75,165.69000244140625,167.83999633789062,168.0399932861328,34754500.0,165.89642333984375,166.57274
2020-01-30,174.0500030517578,170.7899932861328,174.0500030517578,172.77999877929688,51597500.0,170.57595825195312,166.91782
2020-01-31,172.39999389648438,169.5800018310547,172.2100067138672,170.22999572753906,36142700.0,168.0584716796875,167.4592
2020-02-03,174.5,170.39999389648438,170.42999267578125,174.3800048828125,30107000.0,172.15554809570312,168.02132
2020-02-04,180.63999938964844,176.30999755859375,177.13999938964844,180.1199951171875,36433300.0,177.82232666015625,168.73936
2020-02-05,184.1999969482422,178.41000366210938,184.02999877929688,179.89999389648438,39186300.0,177.6051483154297,169.74165
2020-02-06,183.82000732421875,180.05999755859375,180.97000122070312,183.6300048828125,27751400.0,181.2875518798828,170.89287
2020-02-07,185.6300048828125,182.47999572753906,182.85000610351562,183.88999938964844,33529100.0,181.54425048828125,172.2493
2020-02-10,188.83999633789062,183.25,183.5800018310547,188.6999969482422,35844300.0,186.29286193847656,173.70473
2020-02-11,190.6999969482422,183.5,190.64999389648438,184.44000244140625,53159900.0,182.0872344970703,175.35278
2020-02-12,185.85000610351562,181.85000610351562,185.5800018310547,184.7100067138672,47062900.0,182.35377502441406,176.91245
2020-02-13,186.22999572753906,182.8699951171875,183.0800018310547,183.7100067138672,35295800.0,181.36654663085938,178.37401
2020-02-14,185.41000366210938,182.64999389648438,183.25,185.35000610351562,23149500.0,182.98561096191406,179.67114
2020-02-18,187.6999969482422,185.5,185.61000061035156,187.22999572753906,27792200.0,184.84164428710938,180.86218
2020-02-19,188.17999267578125,186.47000122070312,188.05999755859375,187.27999877929688,29997500.0,185.39598083496094,181.99416
2020-02-20,187.25,181.10000610351562,186.9499969482422,184.4199981689453,36862400.0,182.56475830078125,183.03874
2020-02-21,183.5,177.25,183.1699981689453,178.58999633789062,48572600.0,176.7934112548828,183.8803
2020-02-24,174.5500030517578,163.22999572753906,167.77000427246094,170.88999938964844,68311100.0,169.17088317871094,184.34377
2020-02-25,174.83999633789062,167.64999389648438,174.1999969482422,168.07000732421875,68073300.0,166.37925720214844,184.25554
2020-02-26,173.25999450683594,168.2100067138672,169.7100067138672,170.1699981689453,56206100.0,168.45811462402344,183.6887
2020-02-27,167.02999877929688,157.97999572753906,163.32000732421875,158.17999267578125,93174900.0,156.58872985839844,182.8743
2020-02-28,163.7100067138672,152.0,152.41000366210938,162.00999450683594,97012700.0,160.38018798828125,181.46672
2020-03-02,172.9199981689453,162.30999755859375,165.30999755859375,172.7899932861328,71030800.0,171.05177307128906,179.8553
2020-03-03,175.0,162.25999450683594,173.8000030517578,164.50999450683594,71677000.0,162.8550567626953,178.52748
2020-03-04,170.6999969482422,165.6199951171875,168.49000549316406,170.5500030517578,49814400.0,168.83428955078125,177.12448
2020-03-05,170.8699951171875,165.69000244140625,166.0500030517578,166.27000427246094,47817300.0,164.59735107421875,175.97038
2020-03-06,163.11000061035156,156.0,162.61000061035156,161.57000732421875,72821100.0,159.94464111328125,174.86612
2020-03-09,157.75,150.0,151.0,150.6199951171875,70419300.0,149.10479736328125,173.68425
2020-03-10,161.02999877929688,152.5800018310547,158.16000366210938,160.9199981689453,65354400.0,159.30117797851562,172.10266
2020-03-11,157.6999969482422,151.14999389648438,157.1300048828125,153.6300048828125,56371600.0,152.0845184326172,170.68794
2020-03-12,153.47000122070312,138.5800018310547,145.3000030517578,139.05999755859375,93226400.0,137.6610870361328,169.14314
2020-03-13,161.91000366210938,140.72999572753906,147.5,158.8300018310547,92727400.0,157.23220825195312,167.0511
2020-03-16,149.35000610351562,135.0,140.0,135.4199981689453,87905900.0,134.0576934814453,165.39023
2020-03-17,147.5,135.0,140.0,146.57000732421875,81059800.0,145.09555053710938,163.18718
2020-03-18,146.0,135.02000427246094,138.0,140.39999389648438,81593200.0,138.9875946044922,161.14302
2020-03-19,150.14999389648438,139.0,142.77000427246094,142.7100067138672,85922700.0,141.2743682861328,159.0227
2020-03-20,147.10000610351562,135.86000061035156,146.0,137.35000610351562,84866200.0,135.96829223632812,157.02507
2020-03-23,140.57000732421875,132.52000427246094,137.00999450683594,135.97999572753906,78975200.0,134.61207580566406,154.98445
2020-03-24,149.60000610351562,141.27000427246094,143.75,148.33999633789062,82516700.0,146.84771728515625,152.94836
2020-03-25,154.3300018310547,144.44000244140625,148.91000366210938,146.9199981689453,75638200.0,145.4420166015625,151.43895
2020-03-26,156.66000366210938,148.3699951171875,148.39999389648438,156.11000061035156,64568100.0,154.53956604003906,150.28654
2020-03-27,154.88999938964844,149.1999969482422,151.75,149.6999969482422,57042300.0,148.1940460205078,149.78137
2020-03-30,160.60000610351562,150.00999450683594,152.44000244140625,160.22999572753906,63420300.0,158.6181182861328,149.51453
2020-03-31,164.77999877929688,156.55999755859375,159.39999389648438,157.7100067138672,77927200.0,156.12347412109375,149.83374
2020-04-01,157.75,150.82000732421875,153.0,152.11000061035156,57969900.0,150.57980346679688,150.45078
2020-04-02,155.47999572753906,150.36000061035156,151.86000061035156,155.25999450683594,49630700.0,153.6981201171875,151.06679
2020-04-03,157.3800048828125,152.19000244140625,155.10000610351562,153.8300018310547,41243300.0,152.28250122070312,151.78365
2020-04-06,166.5,157.5800018310547,160.32000732421875,165.27000427246094,67111700.0,163.607421875,152.48242
2020-04-07,170.0,163.25999450683594,169.58999633789062,163.49000549316406,62769000.0,161.84532165527344,153.55977
2020-04-08,166.6699981689453,163.5,165.6699981689453,165.1300048828125,48318200.0,163.46881103515625,154.78052
2020-04-09,167.3699951171875,163.3300018310547,166.36000061035156,165.13999938964844,51385100.0,163.47872924804688,156.12949
2020-04-13,165.57000732421875,162.3000030517578,164.35000610351562,165.50999450683594,41905300.0,163.844970703125,157.51904
2020-04-14,173.75,168.0,169.0,173.6999969482422,52874300.0,171.95260620117188,158.90079
2020-04-15,173.57000732421875,169.24000549316406,171.1999969482422,171.8800048828125,40940800.0,170.15093994140625,160.52223
2020-04-16,177.27999877929688,172.89999389648438,174.3000030517578,177.0399932861328,50479600.0,175.25900268554688,162.17238
2020-04-17,180.0,175.8699951171875,179.5,178.60000610351562,52765600.0,176.80331420898438,163.97836
2020-04-20,178.75,174.99000549316406,176.6300048828125,175.05999755859375,36669600.0,173.29893493652344,165.87503
2020-04-21,173.6699981689453,166.11000061035156,173.5,167.82000732421875,56203700.0,166.1317596435547,167.63815
2020-04-22,174.0,170.82000732421875,171.38999938964844,173.52000427246094,34620200.0,171.77442932128906,168.98749
2020-04-23,175.05999755859375,170.91000366210938,174.11000061035156,171.4199981689453,32790800.0,169.695556640625,170.21043
2020-04-24,174.55999755859375,170.7100067138672,172.05999755859375,174.5500030517578,34277600.0,172.7940673828125,171.20088
2020-04-27,176.89999389648438,173.3000030517578,176.58999633789062,174.0500030517578,33194400.0,172.29910278320312,172.10727
2020-04-28,175.6699981689453,169.38999938964844,175.58999633789062,169.80999755859375,34392700.0,168.1017303466797,172.89334
2020-04-29,177.67999267578125,171.8800048828125,173.22000122070312,177.42999267578125,51286600.0,175.64508056640625,173.41423
2020-04-30,180.39999389648438,176.22999572753906,180.0,179.2100067138672,53875900.0,177.40719604492188,174.01291
2020-05-01,178.63999938964844,174.00999450683594,175.8000030517578,174.57000732421875,39370500.0,172.81385803222656,174.68887
2020-05-04,179.0,173.8000030517578,174.49000549316406,178.83999633789062,30372900.0,177.0408935546875,175.22873
2020-05-05,183.64999389648438,179.89999389648438,180.6199951171875,180.75999450683594,36839200.0,178.94158935546875,175.82123
2020-05-06,184.1999969482422,181.6300048828125,182.0800018310547,182.5399932861328,32139300.0,180.70367431640625,176.48697
2020-05-07,184.5500030517578,182.5800018310547,184.1699981689453,183.60000610351562,28316000.0,181.75302124023438,177.24303
2020-05-08,185.0,183.36000061035156,184.97999572753906,184.67999267578125,30877800.0,182.8221435546875,178.0725
2020-05-11,187.50999450683594,182.85000610351562,183.14999389648438,186.74000549316406,30892700.0,184.86143493652344,178.96278
2020-05-12,187.0399932861328,182.3000030517578,186.8000030517578,182.50999450683594,32038200.0,180.67396545410156,179.93687
2020-05-13,184.0500030517578,176.5399932861328,182.5500030517578,179.75,44711500.0,177.94174194335938,180.77837
2020-05-14,180.69000244140625,175.67999267578125,177.5399932861328,180.52999877929688,41873900.0,178.71389770507812,181.40695
2020-05-15,187.05999755859375,177.0,179.05999755859375,183.16000366210938,46610400.0,181.3174285888672,181.89215
2020-05-18,186.1999969482422,183.9600067138672,185.75,184.91000366210938,35264500.0,183.0498504638672,182.34558
2020-05-19,186.60000610351562,183.49000549316406,185.02999877929688,183.6300048828125,26799100.0,181.78273010253906,182.8144
2020-05-20,185.85000610351562,183.94000244140625,184.80999755859375,185.66000366210938,31261300.0,184.30416870117188,183.22786
2020-05-21,186.6699981689453,183.2899932861328,185.39999389648438,183.42999267578125,29119500.0,182.0904541015625,183.66531
2020-05-22,184.4600067138672,182.5399932861328,183.19000244140625,183.50999450683594,20826900.0,182.16986083984375,184.01819
2020-05-26,186.5,181.10000610351562,186.33999633789062,181.57000732421875,36073600.0,180.24404907226562,184.30841
2020-05-27,181.99000549316406,176.60000610351562,180.1999969482422,181.80999755859375,39517100.0,180.48228454589844,184.47188
2020-05-28,184.14999389648438,180.3800048828125,180.74000549316406,181.39999389648438,33810200.0,180.0752716064453,184.55217
2020-05-29,184.27000427246094,180.41000366210938,182.72999572753906,183.25,42130400.0,181.91177368164062,184.553
2020-06-01,183.0,181.4600067138672,182.5399932861328,182.8300018310547,22622400.0,181.49484252929688,184.56412
2020-06-02,185.0,181.35000610351562,184.25,184.91000366210938,30794600.0,183.5596466064453,184.56189
2020-06-03,185.94000244140625,183.5800018310547,184.82000732421875,185.36000061035156,27311000.0,184.00637817382812,184.62798
2020-06-04,185.83999633789062,182.3000030517578,184.3000030517578,182.9199981689453,28761800.0,181.58416748046875,184.7518
2020-06-05,187.72999572753906,182.00999450683594,182.6199951171875,187.1999969482422,39893600.0,185.83291625976562,184.82541
2020-06-08,188.5500030517578,184.44000244140625,185.94000244140625,188.36000061035156,33211600.0,186.9844512939453,185.02269
2020-06-09,190.6999969482422,187.25999450683594,188.0,189.8000030517578,29783900.0,188.4139404296875,185.32997
2020-06-10,198.52000427246094,191.00999450683594,191.1300048828125,196.83999633789062,43872300.0,195.40252685546875,185.75586
2020-06-11,195.75999450683594,186.07000732421875,193.1300048828125,186.27000427246094,52854700.0,184.9097137451172,186.50215
2020-06-12,191.72000122070312,185.17999267578125,190.5399932861328,187.74000549316406,43373600.0,186.3689727783203,187.05234
2020-06-15,190.82000732421875,184.00999450683594,184.5800018310547,188.94000244140625,32770200.0,187.5602264404297,187.53036
2020-06-16,195.5800018310547,191.4600067138672,192.88999938964844,193.57000732421875,42556700.0,192.1564178466797,187.97142
2020-06-17,196.32000732421875,193.69000244140625,195.02999877929688,194.24000549316406,25687800.0,192.82151794433594,188.53058
2020-06-18,196.49000549316406,194.0,194.0,196.32000732421875,23061600.0,194.88633728027344,189.16393
2020-06-19,199.2899932861328,194.3699951171875,198.58999633789062,195.14999389648438,44441100.0,193.724853515625,189.90277
2020-06-22,200.75999450683594,195.22999572753906,195.7899932861328,200.57000732421875,32818900.0,199.1053009033203,190.6435
2020-06-23,203.9499969482422,201.42999267578125,202.08999633789062,201.91000366210938,30917400.0,200.4355010986328,191.55763
2020-06-24,203.25,196.55999755859375,201.60000610351562,197.83999633789062,36740600.0,196.3952178955078,192.59338
2020-06-25,200.61000061035156,195.47000122070312,197.8000030517578,200.33999633789062,27803900.0,198.87696838378906,193.53156
2020-06-26,199.88999938964844,194.8800048828125,199.72999572753906,196.3300018310547,54675800.0,194.896240234375,194.4686
2020-06-29,198.52999877929688,193.5500030517578,195.77999877929688,198.44000244140625,26701600.0,196.99082946777344,195.21634
2020-06-30,204.39999389648438,197.74000549316406,197.8800048828125,203.50999450683594,34310300.0,202.02381896972656,195.88869
2020-07-01,206.35000610351562,201.77000427246094,203.13999938964844,204.6999969482422,32061200.0,203.2051239013672,196.65315
2020-07-02,208.02000427246094,205.0,205.67999267578125,206.25999450683594,29315800.0,204.7537384033203,197.48164
2020-07-06,211.1300048828125,208.08999633789062,208.8300018310547,210.6999969482422,31897600.0,209.1613006591797,198.38078
2020-07-07,214.6699981689453,207.99000549316406,210.4499969482422,208.25,33600700.0,206.7292022705078,199.45215
2020-07-08,213.25999450683594,208.69000244140625,210.07000732421875,212.8300018310547,33600000.0,211.2757568359375,200.5075
2020-07-09,216.3800048828125,211.47000122070312,216.3300018310547,214.32000732421875,33121700.0,212.7548828125,201.68604
2020-07-10,214.0800018310547,211.0800018310547,213.6199951171875,213.6699981689453,26177600.0,212.109619140625,202.94551
2020-07-13,215.8000030517578,206.5,214.47999572753906,207.07000732421875,38135600.0,205.5578155517578,204.19014
2020-07-14,208.85000610351562,202.02999877929688,206.1300048828125,208.35000610351562,37591800.0,206.82847595214844,205.14775
2020-07-15,211.3300018310547,205.02999877929688,209.55999755859375,208.0399932861328,32179400.0,206.52072143554688,205.93138
2020-07-16,205.6999969482422,202.30999755859375,205.39999389648438,203.9199981689453,29940700.0,202.43081665039062,206.54068
2020-07-17,205.0399932861328,201.38999938964844,204.47000122070312,202.8800048828125,31635300.0,201.39840698242188,206.85652
2020-07-20,212.3000030517578,203.00999450683594,205.0,211.60000610351562,36884800.0,210.05474853515625,206.9271
2020-07-21,213.94000244140625,208.02999877929688,213.66000366210938,208.75,37990400.0,207.22555541992188,207.12875
2020-07-22,212.3000030517578,208.38999938964844,209.1999969482422,211.75,49605700.0,210.20362854003906,207.28445
2020-07-23,210.9199981689453,202.14999389648438,207.19000244140625,202.5399932861328,67457000.0,201.06089782714844,207.52417
2020-07-24,202.86000061035156,197.50999450683594,200.4199981689453,201.3000030517578,39827000.0,199.82997131347656,207.48009
2020-07-27,203.97000122070312,200.86000061035156,201.47000122070312,203.85000610351562,30160900.0,202.36134338378906,207.22557
2020-07-28,204.6999969482422,201.74000549316406,203.61000061035156,202.02000427246094,23251400.0,200.54469299316406,206.91895
2020-07-29,204.64999389648438,202.00999450683594,202.5,204.05999755859375,19632600.0,202.56979370117188,206.50984
2020-07-30,204.4600067138672,199.57000732421875,201.0,203.89999389648438,25079600.0,202.4109649658203,206.12221
2020-07-31,205.10000610351562,199.00999450683594,204.39999389648438,205.00999450683594,51044000.0,203.51284790039062,205.75108
2020-08-03,217.63999938964844,210.44000244140625,211.52000427246094,216.5399932861328,78983000.0,214.9586639404297,205.44745
2020-08-04,214.77000427246094,210.30999755859375,214.1699981689453,213.2899932861328,49280100.0,211.73239135742188,205.60938
2020-08-05,215.0,211.57000732421875,214.89999389648438,212.94000244140625,28806400.0,211.38494873046875,205.94568
2020-08-06,216.3699951171875,211.5500030517578,212.33999633789062,216.35000610351562,32656800.0,214.77005004882812,206.40247
2020-08-07,215.6999969482422,210.92999267578125,214.85000610351562,212.47999572753906,27820400.0,210.92831420898438,207.05106
2020-08-10,211.8800048828125,206.35000610351562,211.6699981689453,208.25,36716500.0,206.7292022705078,207.66379
2020-08-11,207.64999389648438,203.13999938964844,207.16000366210938,203.3800048828125,36446500.0,201.894775390625,208.09348
2020-08-12,210.27999877929688,204.75,205.2899932861328,209.19000244140625,28013100.0,207.662353515625,208.21558
2020-08-13,211.35000610351562,208.14999389648438,209.44000244140625,208.6999969482422,22588900.0,207.1759033203125,208.33028
2020-08-14,209.58999633789062,207.50999450683594,208.75999450683594,208.89999389648438,17958900.0,207.37445068359375,208.3917
2020-08-17,211.19000244140625,208.9199981689453,209.60000610351562,210.27999877929688,20184800.0,208.74436950683594,208.4234
2020-08-18,212.36000061035156,209.2100067138672,210.52999877929688,211.49000549316406,21336200.0,209.94554138183594,208.48132
2020-08-19,212.10000610351562,209.25,211.49000549316406,209.6999969482422,27627600.0,208.67181396484375,208.59456
2020-08-20,215.0,208.91000366210938,209.5399932861328,214.5800018310547,26981500.0,213.52789306640625,208.67737
2020-08-21,216.25,212.85000610351562,213.86000061035156,213.02000427246094,36249300.0,211.9755401611328,208.91582
2020-08-24,215.52000427246094,212.42999267578125,214.7899932861328,213.69000244140625,25460100.0,212.6422576904297,209.184
2020-08-25,216.61000061035156,213.10000610351562,213.10000610351562,216.47000122070312,23043700.0,215.40863037109375,209.49608
2020-08-26,222.08999633789062,217.36000061035156,217.8800048828125,221.14999389648438,39600800.0,220.065673828125,209.92361
2020-08-27,231.14999389648438,219.39999389648438,222.88999938964844,226.5800018310547,57602200.0,225.4690704345703,210.57304
2020-08-28,230.63999938964844,226.5800018310547,228.17999267578125,228.91000366210938,26292900.0,227.7876434326172,211.53267
2020-08-31,228.6999969482422,224.30999755859375,227.0,225.52999877929688,28774200.0,224.4241943359375,212.74356
2020-09-01,227.4499969482422,224.42999267578125,225.50999450683594,227.27000427246094,25725500.0,226.1556854248047,213.96588
2020-09-02,232.86000061035156,227.35000610351562,227.97000122070312,231.64999389648438,34080800.0,230.51419067382812,215.22581
2020-09-03,229.30999755859375,214.9600067138672,229.27000427246094,217.3000030517578,58400300.0,216.23455810546875,216.60889
2020-09-04,218.36000061035156,205.19000244140625,215.10000610351562,214.25,59664100.0,213.19952392578125,217.50995
2020-09-08,210.02999877929688,202.1999969482422,206.5,202.66000366210938,52924300.0,201.6663360595703,217.98174
2020-09-09,214.83999633789062,206.6999969482422,207.60000610351562,211.2899932861328,45679000.0,210.25401306152344,217.72409
2020-09-10,214.74000549316406,204.11000061035156,213.39999389648438,205.3699951171875,35461500.0,204.363037109375,217.29402
2020-09-11,208.6300048828125,201.24000549316406,207.1999969482422,204.02999877929688,33620100.0,203.02963256835938,216.50471
2020-09-14,209.1999969482422,204.02999877929688,204.24000549316406,205.41000366210938,30375800.0,204.40284729003906,215.46521
2020-09-15,209.77999877929688,206.92999267578125,208.4199981689453,208.77999877929688,21823900.0,207.75633239746094,214.33583
2020-09-16,210.64999389648438,204.63999938964844,210.6199951171875,205.0500030517578,26328100.0,204.04461669921875,213.2971
2020-09-17,204.3300018310547,199.9600067138672,200.0500030517578,202.91000366210938,34011300.0,201.9151153564453,212.21985
2020-09-18,203.64999389648438,196.25,202.8000030517578,200.38999938964844,55225300.0,199.40745544433594,211.09753
2020-09-21,202.7100067138672,196.3800048828125,197.19000244140625,202.5399932861328,39839700.0,201.5469207763672,209.90279
2020-09-22,208.10000610351562,202.0800018310547,205.05999755859375,207.4199981689453,33517100.0,206.40298461914062,208.78423
2020-09-23,208.10000610351562,200.02999877929688,207.89999389648438,200.58999633789062,30803800.0,199.60647583007812,207.92506
2020-09-24,205.57000732421875,199.1999969482422,199.85000610351562,203.19000244140625,31202500.0,202.19374084472656,207.02562
2020-09-25,209.0399932861328,202.5399932861328,203.5500030517578,207.82000732421875,29437300.0,206.80104064941406,206.25127
2020-09-28,212.57000732421875,208.05999755859375,210.8800048828125,209.44000244140625,32004900.0,208.41310119628906,205.7472
2020-09-29,210.07000732421875,206.80999755859375,209.35000610351562,207.25999450683594,24221900.0,206.2437744140625,205.49776
2020-09-30,211.97999572753906,206.5399932861328,207.72999572753906,210.3300018310547,33829100.0,209.29872131347656,205.36081
2020-10-01,213.99000549316406,211.32000732421875,213.49000549316406,212.4600067138672,27158400.0,211.4182891845703,205.42831
2020-10-02,210.99000549316406,205.5399932861328,208.0,206.19000244140625,33154800.0,205.1790313720703,205.70331
2020-10-05,210.41000366210938,206.97999572753906,207.22000122070312,210.3800048828125,21331600.0,209.34849548339844,205.8886
2020-10-06,210.17999267578125,204.82000732421875,208.82000732421875,205.91000366210938,28554300.0,204.90040588378906,206.17381
2020-10-07,210.11000061035156,206.72000122070312,207.05999755859375,209.8300018310547,25681100.0,208.80117797851562,206.34238
2020-10-08,211.19000244140625,208.32000732421875,210.50999450683594,210.5800018310547,19925800.0,209.54751586914062,206.57579
2020-10-09,215.86000061035156,211.22999572753906,211.22999572753906,215.80999755859375,26458000.0,214.75186157226562,206.85617
2020-10-12,223.86000061035156,216.80999755859375,218.7899932861328,221.39999389648438,40461400.0,220.314453125,207.34323
2020-10-13,225.2100067138672,220.42999267578125,222.72000122070312,222.86000061035156,28950800.0,221.7672882080078,208.13966
2020-10-14,224.22000122070312,219.1300048828125,223.0,220.86000061035156,23421700.0,219.777099609375,209.16309
2020-10-15,220.36000061035156,216.00999450683594,217.10000610351562,219.66000366210938,22733100.0,218.58299255371094,210.23988
2020-10-16,222.2899932861328,219.32000732421875,220.14999389648438,219.66000366210938,26057900.0,218.58299255371094,211.28148
2020-10-19,222.3000030517578,213.72000122070312,220.4199981689453,214.22000122070312,27625800.0,213.16966247558594,212.2618
2020-10-20,217.3699951171875,213.08999633789062,215.8000030517578,214.64999389648438,22753500.0,213.5975341796875,212.96823
2020-10-21,216.9199981689453,213.1199951171875,213.1199951171875,214.8000030517578,22724900.0,213.746826171875,213.48553
2020-10-22,216.05999755859375,211.6999969482422,213.92999267578125,214.88999938964844,22351500.0,213.83636474609375,213.84698
2020-10-23,216.27999877929688,213.16000366210938,215.02999877929688,216.22999572753906,18879600.0,215.1697998046875,214.0844
2020-10-26,216.33999633789062,208.10000610351562,213.85000610351562,210.0800018310547,37111600.0,209.04995727539062,214.27061
2020-10-27,214.6699981689453,210.3300018310547,211.58999633789062,213.25,36700300.0,212.2044219970703,214.19249
2020-10-28,208.83999633789062,202.10000610351562,207.6699981689453,202.67999267578125,51195600.0,201.6862335205078,214.06383
2020-10-29,207.36000061035156,203.3699951171875,204.07000732421875,204.72000122070312,31432600.0,203.7162322998047,213.51651
2020-10-30,204.2899932861328,199.6199951171875,203.5,202.47000122070312,36953700.0,201.47727966308594,212.80162
2020-11-02,205.27999877929688,200.1199951171875,204.2899932861328,202.3300018310547,30842200.0,201.33795166015625,211.89899
2020-11-03,208.1199951171875,203.1199951171875,203.88999938964844,206.42999267578125,27512000.0,205.4178466796875,210.89772
2020-11-04,218.32000732421875,212.4199981689453,214.02000427246094,216.38999938964844,42311800.0,215.32901000976562,210.00688
2020-11-05,224.1199951171875,221.14999389648438,222.0399932861328,223.2899932861328,36080100.0,222.1951904296875,209.56607
2020-11-06,224.36000061035156,218.02999877929688,222.25999450683594,223.72000122070312,25231900.0,222.62307739257812,209.67612
2020-11-09,228.1199951171875,217.8800048828125,224.44000244140625,218.38999938964844,44395000.0,217.3192138671875,210.17677
2020-11-10,216.5,209.72000122070312,214.5,211.00999450683594,44045100.0,209.9753875732422,210.75807
2020-11-11,218.0399932861328,212.1999969482422,212.38999938964844,216.5500030517578,29440800.0,215.4882354736328,211.1378
2020-11-12,219.11000061035156,214.4600067138672,217.2100067138672,215.44000244140625,21593900.0,214.38368225097656,211.57686
2020-11-13,217.4199981689453,214.16000366210938,216.36000061035156,216.50999450683594,18621100.0,215.44842529296875,211.97481
2020-11-16,217.74000549316406,214.52000427246094,214.8699951171875,217.22999572753906,24953300.0,216.16490173339844,212.37009
2020-11-17,217.67999267578125,214.0800018310547,216.10000610351562,214.4600067138672,24154100.0,213.4084930419922,212.7684
2020-11-18,215.1699981689453,210.92999267578125,213.64999389648438,211.0800018310547,28372800.0,210.594970703125,213.05382
2020-11-19,213.02999877929688,209.92999267578125,211.3800048828125,212.4199981689453,24792700.0,211.931884765625,213.13922
2020-11-20,213.2899932861328,210.0,212.1999969482422,210.38999938964844,22843100.0,209.90655517578125,213.13567
2020-11-23,212.2899932861328,208.16000366210938,210.9499969482422,210.11000061035156,25683500.0,209.627197265625,212.98889
2020-11-24,214.25,208.86000061035156,209.58999633789062,213.86000061035156,33979700.0,213.3685760498047,212.74254
2020-11-25,215.2899932861328,212.4600067138672,215.11000061035156,213.8699951171875,21012900.0,213.37855529785156,212.5658
2020-11-27,216.27000427246094,214.0399932861328,214.85000610351562,215.22999572753906,14512200.0,214.7354278564453,212.43198
2020-11-30,214.75999450683594,210.83999633789062,214.10000610351562,214.07000732421875,33064800.0,213.57809448242188,212.3849
2020-12-01,217.32000732421875,213.35000610351562,214.50999450683594,216.2100067138672,30904500.0,215.7131805419922,212.35765
2020-12-02,215.47000122070312,212.8000030517578,214.8800048828125,215.3699951171875,23724500.0,214.87510681152344,212.42711
2020-12-03,216.3800048828125,213.64999389648438,214.61000061035156,214.24000549316406,25120900.0,213.74771118164062,212.52585
2020-12-04,215.3800048828125,213.17999267578125,214.22000122070312,214.36000061035156,24666000.0,213.867431640625,212.60663
2020-12-07,215.5399932861328,212.99000549316406,214.3699951171875,214.2899932861328,24620000.0,213.79757690429688,212.67972
2020-12-08,216.9499969482422,212.88999938964844,213.97000122070312,216.00999450683594,23284100.0,215.5136260986328,212.74055
2020-12-09,215.22999572753906,211.2100067138672,215.16000366210938,211.8000030517578,32440600.0,211.3133087158203,212.85063
2020-12-10,213.0800018310547,210.36000061035156,211.77000427246094,210.52000427246094,26733300.0,210.0362548828125,212.837
2020-12-11,213.32000732421875,209.11000061035156,210.0500030517578,213.25999450683594,30979400.0,212.7699432373047,212.70665
2020-12-14,216.2100067138672,212.8800048828125,213.10000610351562,214.1999969482422,28798400.0,213.70779418945312,212.59592
2020-12-15,215.4199981689453,212.24000549316406,215.1699981689453,214.1300048828125,27000600.0,213.63795471191406,212.52444
2020-12-16,220.11000061035156,214.72000122070312,214.75,219.27999877929688,35023300.0,218.776123046875,212.47925
2020-12-17,220.88999938964844,217.9199981689453,219.8699951171875,219.4199981689453,32515800.0,218.91580200195312,212.63736
2020-12-18,219.69000244140625,216.02000427246094,218.58999633789062,218.58999633789062,63354900.0,218.08770751953125,212.922
2020-12-21,224.0,217.27999877929688,217.5500030517578,222.58999633789062,37181900.0,222.07850646972656,213.26086
2020-12-22,225.6300048828125,221.85000610351562,222.69000244140625,223.94000244140625,22612200.0,223.4254150390625,213.77078
2020-12-23,223.55999755859375,220.8000030517578,223.11000061035156,221.02000427246094,18699600.0,220.5121307373047,214.41624
2020-12-24,223.61000061035156,221.1999969482422,221.4199981689453,222.75,10550600.0,222.23814392089844,215.02942
2020-12-28,226.02999877929688,223.02000427246094,224.4499969482422,224.9600067138672,17933500.0,224.4430694580078,215.66916
2020-12-29,227.17999267578125,223.5800018310547,226.30999755859375,224.14999389648438,17403200.0,223.63491821289062,216.37245
2020-12-30,225.6300048828125,221.47000122070312,225.22999572753906,221.67999267578125,20272300.0,221.17059326171875,217.05823
2020-12-31,223.0,219.67999267578125,221.6999969482422,222.4199981689453,20942100.0,221.90890502929688,217.62337
2021-01-04,223.0,214.80999755859375,222.52999877929688,217.69000244140625,37130100.0,217.1897735595703,218.11578
2021-01-05,218.52000427246094,215.6999969482422,217.25999450683594,217.89999389648438,23823000.0,217.3992919921875,218.36737
2021-01-06,216.49000549316406,211.94000244140625,212.1699981689453,212.25,35930700.0,211.76226806640625,218.46223
2021-01-07,219.33999633789062,213.7100067138672,214.0399932861328,218.2899932861328,27694500.0,217.78839111328125,218.23914
2021-01-08,220.5800018310547,217.02999877929688,218.67999267578125,219.6199951171875,22956200.0,219.11534118652344,218.02888
2021-01-11,218.91000366210938,216.72999572753906,218.47000122070312,217.49000549316406,23031300.0,216.990234375,217.85509
2021-01-12,217.10000610351562,213.32000732421875,216.5,214.92999267578125,23249300.0,214.4361114501953,217.63782
2021-01-13,216.75999450683594,213.92999267578125,214.02000427246094,216.33999633789062,20087100.0,215.84288024902344,217.31882
2021-01-14,217.4600067138672,212.74000549316406,215.91000366210938,213.02000427246094,29480800.0,212.530517578125,216.99808
2021-01-15,214.50999450683594,212.02999877929688,213.52000427246094,212.64999389648438,31746500.0,212.16134643554688,216.56487
2021-01-19,216.97999572753906,212.6300048828125,213.75,216.44000244140625,30480900.0,215.94264221191406,216.06743
2021-01-20,225.7899932861328,217.2899932861328,217.6999969482422,224.33999633789062,37777300.0,223.82449340820312,215.67505
2021-01-21,226.3000030517578,222.4199981689453,224.6999969482422,224.97000122070312,30709400.0,224.4530487060547,215.63478
2021-01-22,230.07000732421875,225.8000030517578,227.0800018310547,225.9499969482422,30172700.0,225.4307861328125,215.84344
2021-01-25,229.77999877929688,224.22000122070312,229.1199951171875,229.52999877929688,33152100.0,229.0025634765625,216.26129
2021-01-26,234.17999267578125,230.0800018310547,231.86000061035156,232.3300018310547,49169600.0,231.796142578125,216.93735
2021-01-27,240.44000244140625,230.13999938964844,238.0,232.89999389648438,69870600.0,232.3648223876953,217.85797
2021-01-28,242.63999938964844,235.08999633789062,235.61000061035156,238.92999267578125,49111200.0,238.38096618652344,218.92976
2021-01-29,238.02000427246094,231.35000610351562,235.99000549316406,231.9600067138672,42503100.0,231.42698669433594,220.27768
2021-02-01,242.5,232.42999267578125,235.05999755859375,239.64999389648438,33314200.0,239.09930419921875,221.50618
2021-02-02,242.30999755859375,238.69000244140625,241.3000030517578,239.50999450683594,25916300.0,238.95962524414062,222.89888
2021-02-03,245.08999633789062,239.25999450683594,239.57000732421875,243.0,27158100.0,242.44161987304688,224.31573
2021-02-04,243.24000549316406,240.3699951171875,242.66000366210938,242.00999450683594,25296100.0,241.45388793945312,225.81909
2021-02-05,243.27999877929688,240.4199981689453,242.22999572753906,242.1999969482422,18054800.0,241.64344787597656,227.27847
2021-02-08,243.67999267578125,240.80999755859375,243.14999389648438,242.47000122070312,22211900.0,241.912841796875,228.66296
2021-02-09,244.75999450683594,241.3800048828125,241.8699951171875,243.77000427246094,23565000.0,243.20985412597656,229.94911
2021-02-10,245.9199981689453,240.88999938964844,245.0,242.82000732421875,22186700.0,242.2620391845703,231.15915
2021-02-11,245.14999389648438,242.14999389648438,244.77999877929688,244.49000549316406,15751100.0,243.92819213867188,232.2307
2021-02-12,245.3000030517578,242.72999572753906,243.92999267578125,244.99000549316406,16561100.0,244.4270477294922,233.2247
2021-02-16,246.1300048828125,242.9199981689453,245.02999877929688,243.6999969482422,26728500.0,243.13999938964844,234.13542
2021-02-17,244.30999755859375,240.94000244140625,241.32000732421875,244.1999969482422,21653500.0,244.1999969482422,234.90742
2021-02-18,243.92999267578125,240.86000061035156,241.8000030517578,243.7899932861328,16925600.0,243.7899932861328,235.57487
2021-02-19,243.86000061035156,240.17999267578125,243.75,240.97000122070312,25262600.0,240.97000122070312,236.12633
2021-02-22,237.92999267578125,232.39999389648438,237.4199981689453,234.50999450683594,36446900.0,234.50999450683594,236.48048
2021-02-23,234.8300018310547,228.72999572753906,230.3300018310547,233.27000427246094,30228700.0,233.27000427246094,236.47246
2021-02-24,235.1999969482422,229.0,230.00999450683594,234.5500030517578,26339700.0,234.5500030517578,236.19008
2021-02-25,234.58999633789062,227.8800048828125,232.0800018310547,228.99000549316406,39542200.0,228.99000549316406,235.76697
2021-02-26,235.3699951171875,229.5399932861328,231.52999877929688,232.3800048828125,37819200.0,232.3800048828125,235.06085
2021-03-01,237.47000122070312,233.14999389648438,235.89999389648438,236.94000244140625,25324000.0,236.94000244140625,234.32011
2021-03-02,237.3000030517578,233.4499969482422,237.00999450683594,233.8699951171875,22812500.0,233.8699951171875,233.72156
2021-03-03,233.5800018310547,227.25999450683594,232.16000366210938,227.55999755859375,34029500.0,227.55999755859375,233.1246
2021-03-04,232.49000549316406,224.25999450683594,226.74000549316406,226.72999572753906,44727800.0,226.72999572753906,232.3519
2021-03-05,233.27000427246094,226.4600067138672,229.52000427246094,231.60000610351562,41872800.0,231.60000610351562,231.48041
2021-03-08,233.3699951171875,227.1300048828125,231.3699951171875,227.38999938964844,35267400.0,227.38999938964844,230.73817
2021-03-09,235.3800048828125,231.6699981689453,232.8800048828125,233.77999877929688,33080500.0,233.77999877929688,229.94833
2021-03-10,237.0,232.0399932861328,237.0,232.4199981689453,29746800.0,232.4199981689453,229.39557
2021-03-11,239.1699981689453,234.30999755859375,234.9600067138672,237.1300048828125,29907600.0,237.1300048828125,228.9577
2021-03-12,235.82000732421875,233.22999572753906,234.00999450683594,235.75,22653700.0,235.75,228.79105
2021-03-15,235.19000244140625,231.80999755859375,234.9600067138672,234.80999755859375,26034900.0,234.80999755859375,228.75789
2021-03-16,240.05999755859375,235.94000244140625,236.27999877929688,237.7100067138672,28092200.0,237.7100067138672,228.79813
2021-03-17,238.5500030517578,233.22999572753906,236.14999389648438,237.0399932861328,29562100.0,237.0399932861328,228.99287
2021-03-18,234.19000244140625,230.3300018310547,232.55999755859375,230.72000122070312,34833000.0,230.72000122070312,229.25427
2021-03-19,232.47000122070312,229.35000610351562,231.02000427246094,230.35000610351562,46430700.0,230.35000610351562,229.33926
2021-03-22,236.89999389648438,230.13999938964844,230.27000427246094,235.99000549316406,30127000.0,235.99000549316406,229.30743
2021-03-23,241.0500030517578,237.07000732421875,237.49000549316406,237.5800018310547,31638400.0,237.5800018310547,229.38408
2021-03-24,238.0,235.32000732421875,237.85000610351562,235.4600067138672,25620100.0,235.4600067138672,229.56435
2021-03-25,236.94000244140625,231.57000732421875,235.3000030517578,232.33999633789062,34061900.0,232.33999633789062,229.7351
2021-03-26,236.7100067138672,231.5500030517578,231.5500030517578,236.47999572753906,25479900.0,236.47999572753906,229.79602
2021-03-29,236.8000030517578,231.8800048828125,236.58999633789062,235.24000549316406,25227500.0,235.24000549316406,229.93105
2021-03-30,233.85000610351562,231.10000610351562,233.52999877929688,231.85000610351562,24792000.0,231.85000610351562,230.05153
2021-03-31,239.10000610351562,232.38999938964844,232.91000366210938,235.77000427246094,43623500.0,235.77000427246094,230.04749
2021-04-01,242.83999633789062,238.0500030517578,238.47000122070312,242.35000610351562,30338000.0,242.35000610351562,230.10347
2021-04-05,249.9600067138672,242.6999969482422,242.75999450683594,249.07000732421875,36910600.0,249.07000732421875,230.40802
2021-04-06,249.39999389648438,246.8800048828125,247.61000061035156,247.86000061035156,22931900.0,247.86000061035156,231.08363
2021-04-07,250.92999267578125,247.19000244140625,247.80999755859375,249.89999389648438,22719800.0,249.89999389648438,231.93384
2021-04-08,254.13999938964844,252.0,252.77000427246094,253.25,23625200.0,253.25,232.95685
2021-04-09,255.99000549316406,252.44000244140625,252.8699951171875,255.85000610351562,24326800.0,255.85000610351562,234.17026
2021-04-12,257.6700134277344,254.6199951171875,254.7100067138672,255.91000366210938,27148700.0,255.91000366210938,235.54762
2021-04-13,259.19000244140625,256.8299865722656,257.260009765625,258.489990234375,23837500.0,258.489990234375,236.98094
2021-04-14,258.8299865722656,255.16000366210938,257.4800109863281,255.58999633789062,23070900.0,255.58999633789062,238.48695
2021-04-15,259.92999267578125,257.7300109863281,257.92999267578125,259.5,25627500.0,259.5,239.87675
2021-04-16,261.0,257.6000061035156,259.4700012207031,260.739990234375,24878600.0,260.739990234375,241.27565
2021-04-19,261.4800109863281,257.82000732421875,260.19000244140625,258.739990234375,23209300.0,258.739990234375,242.649
2021-04-20,260.20001220703125,256.8399963378906,257.82000732421875,258.260009765625,19722900.0,258.260009765625,243.88004
2021-04-21,260.67999267578125,257.25,258.94000244140625,260.5799865722656,24030400.0,260.5799865722656,244.9563
2021-04-22,261.7799987792969,255.63999938964844,260.2099914550781,257.1700134277344,25606200.0,257.1700134277344,245.96017
2021-04-23,261.510009765625,257.2699890136719,257.8800048828125,261.1499938964844,21462600.0,261.1499938964844,246.74887
2021-04-26,262.44000244140625,260.1700134277344,261.6600036621094,261.54998779296875,19763300.0,261.54998779296875,247.5048
2021-04-27,263.19000244140625,260.1199951171875,261.5799865722656,261.9700012207031,31014200.0,261.9700012207031,248.20222
2021-04-28,256.5400085449219,252.9499969482422,256.0799865722656,254.55999755859375,46903100.0,254.55999755859375,248.84644
2021-04-29,256.1000061035156,249.0,255.4600067138672,252.50999450683594,40589000.0,252.50999450683594,249.18015
2021-04-30,253.0800018310547,249.60000610351562,249.74000549316406,252.17999267578125,30929200.0,252.17999267578125,249.24727
2021-05-03,254.35000610351562,251.1199951171875,253.39999389648438,251.86000061035156,19626600.0,251.86000061035156,249.11636
2021-05-04,251.2100067138672,245.75999450683594,250.97000122070312,247.7899932861328,32756100.0,247.7899932861328,248.83783
2021-05-05,249.5,245.82000732421875,249.05999755859375,246.47000122070312,21901300.0,246.47000122070312,248.32884
2021-05-06,249.86000061035156,244.69000244140625,246.4499969482422,249.72999572753906,26491100.0,249.72999572753906,247.64938
2021-05-07,254.3000030517578,251.1699981689453,252.14999389648438,252.4600067138672,27010100.0,252.4600067138672,246.98772
2021-05-10,251.72999572753906,249.35000610351562,250.8699951171875,250.06640625,6097644.0,250.06640625,246.43982
